candidate,score_computable,macro_f1,interpretation
qwen35_4b__direct_plus_redacted,True,0.5986183391967854,exploratory_dev_result
qwen35_4b__direct_plus_context_only,True,0.5952980311035027,exploratory_dev_result
qwen35_4b__react_plus_redacted,True,0.5944771197277422,fallback_inclusive_protocol_result
qwen35_4b__direct_plus_normalized_sqrt,True,0.5939159654926044,exploratory_dev_result
qwen35_4b__react_plus_context_only,True,0.5929366512862456,fallback_inclusive_protocol_result
qwen35_4b__react_plus_normalized_sqrt,True,0.5927239856628403,fallback_inclusive_protocol_result
qwen35_4b__direct_plus_normalized,True,0.5925937238680672,exploratory_dev_result
qwen35_4b__direct_plus_raw,True,0.5925937238680672,exploratory_dev_result
qwen35_4b__react_plus_normalized,True,0.5910109264340947,fallback_inclusive_protocol_result
qwen35_4b__react_plus_raw,True,0.5910109264340947,fallback_inclusive_protocol_result
qwen35_4b__direct_plus_training_prior,True,0.5892986392584172,exploratory_dev_result
qwen35_4b__react_plus_training_prior,True,0.5837588683558852,fallback_inclusive_protocol_result
qwen35_4b__self_review,True,0.5715426515802117,exploratory_dev_result
qwen35_4b__direct,True,0.569470735539177,exploratory_dev_result
qwen35_4b__react,True,0.5656542353961798,fallback_inclusive_protocol_result
distribution_only__normalized,True,0.5590713080980397,exploratory_dev_result
distribution_only__raw,True,0.5590713080980397,exploratory_dev_result
distribution_only__redacted,True,0.5538211492762826,exploratory_dev_result
distribution_only__normalized_sqrt,True,0.5506215425984773,exploratory_dev_result
distribution_only__context_only,True,0.5151810838830039,exploratory_dev_result
distribution_only__training_prior,True,0.24960027797948328,exploratory_dev_result
exaone4_12b__direct,False,,incomplete_not_ranked
exaone4_12b__react,False,,incomplete_not_ranked
exaone4_12b__self_review,False,,incomplete_not_ranked
gemma3_4b__direct,False,,incomplete_not_ranked
gemma3_4b__react,False,,incomplete_not_ranked
gemma3_4b__self_review,False,,incomplete_not_ranked
qwen3_8b__direct,False,,incomplete_not_ranked
qwen3_8b__react,False,,incomplete_not_ranked
qwen3_8b__self_review,False,,incomplete_not_ranked
